Ref,Val,Package,PosX,PosY,Rot,Side
"D3","19-217/GHC-YR1S2/3T","LED_0603_1608Metric",154.533600,-65.532000,0.000000,top
"R3","169Ω","R_0805_2012Metric",150.041001,-65.541801,180.000000,top
